Date,Ticker,Action,Shares,Entry_Price,Exit_Price,Stop,PnL_USD,PnL_PCT,Pyramids
2026-02-06,SPY,HOLD,0,,,,,,0
2026-02-06,QQQ,HOLD,0,,,,,,0
2026-02-06,GLD,HOLD,0,,,,,,0
2026-02-06,TLT,HOLD,0,,,,,,0
2026-02-06,DBC,HOLD,0,,,,,,0
2026-02-06,SPY,HOLD,0,,,,,,0
2026-02-06,QQQ,HOLD,0,,,,,,0
2026-02-06,GLD,HOLD,0,,,,,,0
2026-02-06,TLT,HOLD,0,,,,,,0
2026-02-06,DBC,HOLD,0,,,,,,0
2026-02-06,SPY,HOLD,0,,,,,,0
2026-02-06,QQQ,HOLD,0,,,,,,0
2026-02-06,GLD,HOLD,0,,,,,,0
2026-02-06,TLT,HOLD,0,,,,,,0
2026-02-06,DBC,HOLD,0,,,,,,0
2026-02-07,SPY,HOLD,0,,,,,,0
2026-02-07,QQQ,HOLD,0,,,,,,0
2026-02-07,GLD,HOLD,0,,,,,,0
2026-02-07,TLT,HOLD,0,,,,,,0
2026-02-07,DBC,HOLD,0,,,,,,0
